Rank,Player,Return Rating,% 1st Serve Return Points Won,% 2nd Serve Return Points Won,% Return Games Won,% Break Points Converted
1,Novak Djokovic,166.6,35.7%,56.9%,34.0%,40.0%
2,Ethan Quinn,159.7,33.7%,42.5%,23.5%,60.0%
3,Grigor Dimitrov,156.4,32.5%,50.0%,25.4%,48.5%
4,Bernard Tomic,156.0,29.6%,43.1%,20.8%,62.5%
5,Mariano Navone,155.0,32.4%,52.6%,25.0%,45.0%
6,Jannik Sinner,154.9,29.5%,56.9%,26.4%,42.1%
7,Alex de Minaur,150.2,29.7%,57.7%,28.4%,34.4%
8,Jacob Fearnley,148.9,25.2%,54.1%,21.1%,48.5%
9,Marcos Giron,148.8,27.5%,55.9%,22.5%,42.9%
10,Carlos Alcaraz,147.8,30.1%,49.7%,22.6%,45.4%
11,Gael Monfils,147.1,29.5%,50.6%,21.3%,45.7%
12,Jenson Brooksby,146.6,31.3%,55.1%,25.5%,34.7%
13,Pedro Martinez,145.9,26.6%,53.7%,23.5%,42.1%
14,Kamil Majchrzak,145.3,26.2%,55.9%,22.7%,40.5%
15,Shintaro Mochizuki,143.7,30.0%,46.8%,24.0%,42.9%
16,Daniel Evans,143.2,25.8%,50.4%,23.1%,43.9%
17,Tomas Machac,142.3,26.0%,49.8%,20.8%,45.7%
18,Tommy Paul,141.6,26.6%,48.6%,22.4%,44.0%
19,Taylor Fritz,141.1,25.0%,51.0%,17.5%,47.6%
20,Billy Harris,141.1,26.9%,47.5%,20.0%,46.7%
21,Mark Lajal,141.0,28.0%,50.7%,23.8%,38.5%
22,Denis Shapovalov,140.5,27.2%,46.3%,20.6%,46.4%
23,Ugo Humbert,140.3,30.9%,47.0%,22.4%,40.0%
24,Tomas Martin Etcheverry,138.9,22.6%,54.0%,21.8%,40.5%
25,Alejandro Davidovich Fokina,138.4,29.8%,53.4%,20.8%,34.4%
26,Karen Khachanov,137.8,26.1%,50.8%,20.9%,40.0%
27,Nuno Borges,137.0,29.4%,48.0%,19.2%,40.4%
28,Brandon Holt,137.0,23.8%,47.8%,15.4%,50.0%
29,Marton Fucsovics,136.3,25.7%,50.7%,15.8%,44.1%
30,Mackenzie McDonald,134.6,23.8%,48.5%,17.9%,44.4%
31,Gabriel Diallo,134.0,26.2%,43.4%,17.1%,47.3%
32,Corentin Moutet,133.8,30.8%,48.0%,21.3%,33.7%
33,Holger Rune,133.7,23.8%,43.8%,16.1%,50.0%
34,Marin Cilic,133.4,25.4%,51.8%,19.4%,36.8%
35,Jaume Munar,133.4,28.8%,50.6%,17.6%,36.4%
36,Jakub Mensik,133.2,28.7%,47.8%,17.2%,39.5%
37,Nikoloz Basilashvili,133.0,30.3%,37.6%,18.4%,46.7%
38,Rinky Hijikata,131.4,29.7%,46.2%,22.2%,33.3%
39,Frances Tiafoe,131.4,25.3%,48.1%,20.5%,37.5%
40,Jack Draper,131.1,27.6%,47.8%,19.3%,36.4%
41,Alexander Bublik,131.0,25.8%,48.7%,16.5%,40.0%
42,Lorenzo Sonego,131.0,26.2%,47.0%,15.5%,42.3%
43,George Loffhagen,130.8,31.9%,38.8%,21.2%,38.9%
44,Felix Auger-Aliassime,130.6,27.7%,48.0%,18.7%,36.2%
45,Flavio Cobolli,130.2,29.1%,47.2%,17.5%,36.4%
46,Mattia Bellucci,130.1,29.7%,44.8%,16.7%,38.9%
47,Alex Michelsen,130.1,25.3%,49.6%,16.4%,38.8%
48,Arthur Fery,128.4,28.8%,54.3%,21.2%,24.1%
49,Andrey Rublev,128.4,22.6%,49.6%,16.7%,39.5%
50,Valentin Royer,128.2,20.2%,44.7%,13.3%,50.0%
51,Cameron Norrie,127.8,24.7%,52.9%,16.9%,33.3%
52,Roberto Bautista Agut,126.9,27.0%,48.2%,17.9%,33.8%
53,Jiri Lehecka,126.7,24.2%,47.6%,16.7%,38.2%
54,Oliver Tarvet,126.6,32.3%,49.3%,17.2%,27.8%
55,Sebastian Ofner,125.7,22.1%,42.5%,11.1%,50.0%
56,Jan-Lennard Struff,125.5,29.1%,45.5%,15.9%,35.0%
57,Francisco Cerundolo,125.3,24.4%,43.3%,17.6%,40.0%
58,Alexei Popyrin,125.0,28.5%,46.4%,15.6%,34.5%
59,Miomir Kecmanovic,124.7,24.0%,50.2%,14.1%,36.4%
60,Adrian Mannarino,124.7,29.3%,49.0%,20.0%,26.4%
61,Benjamin Bonzi,124.6,22.6%,50.0%,9.9%,42.1%
62,Fabian Marozsan,124.2,27.7%,48.2%,15.0%,33.3%
63,Learner Tien,122.9,22.6%,48.6%,13.8%,37.9%
64,Cristian Garin,122.7,26.3%,45.7%,12.2%,38.5%
65,Roman Safiullin,122.2,24.7%,52.2%,16.4%,28.9%
66,Ben Shelton,122.0,23.5%,46.0%,13.7%,38.8%
67,Joao Fonseca,121.6,30.7%,46.8%,16.7%,27.4%
68,Yoshihito Nishioka,121.1,9.3%,58.0%,3.8%,50.0%
69,Chun-Hsin Tseng,119.7,16.8%,45.6%,12.9%,44.4%
70,Alex Bolt,119.4,14.7%,50.9%,3.8%,50.0%
71,Tallon Griekspoor,119.0,26.4%,45.0%,15.5%,32.1%
72,Zizou Bergs,118.9,30.3%,46.3%,15.7%,26.6%
73,Jack Pinnington Jones,118.3,27.7%,45.1%,16.3%,29.2%
74,Hamad Medjedovic,118.0,25.3%,39.4%,13.3%,40.0%
75,Luciano Darderi,117.2,31.1%,43.9%,17.2%,25.0%
76,Nicolas Jarry,116.9,26.3%,47.8%,12.4%,30.4%
77,Brandon Nakashima,114.8,26.4%,46.5%,13.9%,28.0%
78,Botic van de Zandschulp,113.5,27.9%,43.9%,13.9%,27.8%
79,Daniil Medvedev,113.3,24.8%,45.8%,14.1%,28.6%
80,Arthur Cazaux,112.5,31.5%,38.1%,14.3%,28.6%
81,Jesper de Jong,112.1,25.0%,45.1%,12.0%,30.0%
82,Alexander Zverev,111.5,26.3%,46.8%,10.7%,27.7%
83,James Duckworth,110.5,24.4%,47.8%,11.6%,26.7%
84,Reilly Opelka,110.4,19.7%,45.9%,8.1%,36.7%
85,Francisco Comesana,109.7,21.9%,45.8%,12.0%,30.0%
86,Yunchaokete Bu,108.3,24.8%,45.6%,12.9%,25.0%
87,Lloyd Harris,107.4,19.1%,47.5%,11.4%,29.4%
88,Jordan Thompson,107.2,27.0%,43.0%,13.5%,23.7%
89,Daniel Altmaier,106.5,24.9%,39.7%,10.6%,31.3%
90,Arthur Rinderknech,106.4,24.8%,43.6%,10.4%,27.6%
91,Justin Engel,105.2,25.1%,41.7%,10.6%,27.8%
92,Camilo Ugo Carabelli,101.8,22.4%,40.0%,10.8%,28.6%
93,August Holmgren,100.4,22.5%,38.4%,8.2%,31.3%
94,Pierre-Hugues Herbert,99.9,21.9%,38.3%,11.1%,28.6%
95,Yannick Hanfmann,97.3,16.7%,51.1%,4.5%,25.0%
96,Damir Dzumhur,96.2,17.8%,43.0%,8.1%,27.3%
97,Aleksandar Vukic,95.2,24.5%,45.1%,8.0%,17.6%
98,Alexandre Muller,94.6,17.9%,43.0%,5.1%,28.6%
99,Quentin Halys,94.2,24.8%,36.2%,8.2%,25.0%
100,Laslo Djere,92.2,21.0%,44.8%,7.2%,19.2%
101,Giovanni Mpetshi Perricard,87.9,16.6%,29.3%,5.6%,36.4%
102,Stefanos Tsitsipas,85.9,20.0%,35.5%,5.4%,25.0%
103,Lorenzo Musetti,83.3,17.3%,40.7%,5.3%,20.0%
104,Adam Walton,81.3,15.2%,52.2%,2.8%,11.1%
105,Nishesh Basavareddy,79.9,19.7%,31.9%,6.1%,22.2%
106,Aleksandar Kovacevic,79.8,15.2%,39.0%,5.6%,20.0%
107,Matteo Arnaldi,76.1,17.3%,40.8%,3.7%,14.3%
108,Christopher O'Connell,68.6,19.8%,36.5%,3.2%,9.1%
109,Sebastian Baez,28.8,7.4%,21.4%,0.0%,0.0%
